{
  "IcoMoonType": "selection",
  "icons": [
    {
      "icon": {
        "paths": [
          "M512 20.48c-271.462 0-491.52 220.058-491.52 491.52s220.058 491.52 491.52 491.52 491.52-220.058 491.52-491.52-220.058-491.52-491.52-491.52zM628.429 360.141h-73.882c-8.755 0-18.483 11.52-18.483 26.829v53.35h92.416l-13.978 76.083h-78.438v228.403h-87.194v-228.403h-79.104v-76.083h79.104v-44.749c0-64.205 44.544-116.378 105.677-116.378h73.882v80.947z"
        ],
        "attrs": [],
        "isMulticolor": false,
        "isMulticolor2": false,
        "tags": [
          "facebook-with-circle"
        ],
        "grid": 20
      },
      "attrs": [],
      "properties": {
        "id": 359,
        "order": 9,
        "prevSize": 20,
        "name": "facebook-with-circle"
      },
      "setIdx": 0,
      "setId": 2,
      "iconIdx": 358
    },
    {
      "icon": {
        "paths": [
          "M512 20.48c-271.462 0-491.52 220.058-491.52 491.52s220.058 491.52 491.52 491.52 491.52-220.058 491.52-491.52-220.058-491.52-491.52-491.52zM391.68 715.725h-99.533v-320.307h99.533v320.307zM341.299 356.096c-31.437 0-51.763-22.272-51.763-49.818 0-28.109 20.941-49.715 53.043-49.715s51.763 21.606 52.378 49.715c0 27.546-20.275 49.818-53.658 49.818zM755.2 715.725h-99.533v-177.51c0-41.318-14.438-69.376-50.432-69.376-27.494 0-43.827 18.995-51.046 37.274-2.662 6.502-3.328 15.718-3.328 24.883v184.678h-99.584v-218.112c0-39.987-1.28-73.421-2.611-102.195h86.477l4.557 44.493h1.997c13.107-20.89 45.21-51.712 98.918-51.712 65.485 0 114.586 43.878 114.586 138.189v189.389z"
        ],
        "attrs": [],
        "isMulticolor": false,
        "isMulticolor2": false,
        "tags": [
          "linkedin-with-circle"
        ],
        "grid": 20
      },
      "attrs": [],
      "properties": {
        "id": 371,
        "order": 7,
        "prevSize": 20,
        "name": "linkedin-with-circle"
      },
      "setIdx": 0,
      "setId": 2,
      "iconIdx": 370
    },
    {
      "icon": {
        "paths": [
          "M886.579 319.795c0.41 8.294 0.563 16.691 0.563 24.986 0 255.488-194.406 549.99-549.888 549.99-109.21 0-210.739-32-296.294-86.886 15.155 1.792 30.515 2.714 46.080 2.714 90.624 0 173.926-30.925 240.026-82.688-84.531-1.587-155.955-57.395-180.531-134.195 11.776 2.202 23.91 3.379 36.352 3.379 17.664 0 34.765-2.304 50.944-6.707-88.422-17.818-155.034-95.898-155.034-189.594 0-0.819 0-1.587 0-2.406 26.061 14.49 55.91 23.194 87.552 24.218-51.866-34.714-86.016-93.798-86.016-160.922 0-35.379 9.523-68.608 26.214-97.178 95.283 116.992 237.773 193.894 398.387 201.984-3.277-14.182-4.966-28.877-4.966-44.083 0-106.701 86.477-193.178 193.229-193.178 55.603 0 105.83 23.398 141.107 60.979 43.981-8.704 85.35-24.781 122.726-46.899-14.438 45.107-45.107 82.995-84.992 106.906 39.117-4.71 76.288-15.002 111.002-30.413-25.907 38.81-58.675 72.806-96.461 99.994z"
        ],
        "attrs": [],
        "isMulticolor": false,
        "isMulticolor2": false,
        "tags": [
          "twitter"
        ],
        "grid": 20
      },
      "attrs": [],
      "properties": {
        "id": 381,
        "order": 8,
        "prevSize": 20,
        "name": "twitter"
      },
      "setIdx": 0,
      "setId": 2,
      "iconIdx": 380
    },
    {
      "icon": {
        "paths": [
          "M512 117.76c-503.194 0-512 44.749-512 394.24s8.806 394.24 512 394.24 512-44.749 512-394.24-8.806-394.24-512-394.24zM676.096 529.101l-229.888 107.315c-20.122 9.318-36.608-1.126-36.608-23.347v-202.138c0-22.17 16.486-32.666 36.608-23.347l229.888 107.315c20.122 9.421 20.122 24.781 0 34.202z"
        ],
        "attrs": [],
        "isMulticolor": false,
        "isMulticolor2": false,
        "tags": [
          "youtube"
        ],
        "grid": 20
      },
      "attrs": [],
      "properties": {
        "id": 385,
        "order": 5,
        "prevSize": 20,
        "name": "youtube"
      },
      "setIdx": 0,
      "setId": 2,
      "iconIdx": 384
    }
  ],
  "height": 1024,
  "preferences": {
    "showGlyphs": true,
    "showQuickUse": true,
    "showQuickUse2": true,
    "showSVGs": true,
    "fontPref": {
      "prefix": "icon-",
      "metadata": {
        "fontFamily": "icomoon"
      },
      "metrics": {
        "emSize": 1024,
        "baseline": 6.25,
        "whitespace": 50
      },
      "embed": false
    },
    "imagePref": {
      "prefix": "icon-",
      "png": true,
      "useClassSelector": true,
      "color": 0,
      "bgColor": 16777215,
      "classSelector": ".icon",
      "name": "icomoon"
    },
    "historySize": 50,
    "showCodes": true,
    "gridSize": 16
  }
}